20150921_131729_image251.png,39
20150919_174151_image156.png,114
20150921_131729_image806.png,48
20150921_132038_image1.png,29
20150921_131234_image541.png,13
20150921_132038_image1001.png,15
20150921_131833_image21.png,25
20150921_132038_image666.png,30
20150921_131625_image751.png,63
20150921_131346_image1.png,67
20150919_174151_image806.png,65
20150921_131625_image1111.png,53
20150921_131625_image881.png,81
20150921_131625_image441.png,78
20150919_174151_image1.png,95
20150921_131625_image681.png,33
20150919_174151_image86.png,101
20150921_131625_image236.png,48
20150921_131346_image911.png,23
20150919_174730_image1146.png,107
20150921_131625_image696.png,36
20150921_131346_image851.png,26
20150921_131234_image406.png,53
20150921_131453_image1101.png,34
20150921_131346_image876.png,37
20150921_131234_image366.png,45
20150921_131346_image386.png,48
20150921_131234_image476.png,63
20150921_131833_image161.png,41
20150921_131625_image1051.png,53
20150919_174151_image91.png,105
20150919_174730_image396.png,47
20150921_132038_image96.png,52
20150921_131833_image156.png,30
20150921_132038_image921.png,10
20150921_131833_image166.png,38
20150919_174151_image676.png,75
20150921_131833_image541.png,60
20150919_174730_image301.png,23
20150919_174151_image21.png,100
20150921_131833_image546.png,59
20150919_174730_image176.png,9
20150921_131833_image111.png,13
20150919_174151_image116.png,106
20150921_132038_image51.png,30
20150921_131234_image551.png,10
20150921_131234_image31.png,74
20150921_131453_image211.png,58
20150921_131453_image1071.png,30
20150921_131625_image701.png,28
20150921_132038_image431.png,62
20150921_131833_image41.png,20
20150921_131625_image706.png,27
20150921_131346_image951.png,8
20150921_132038_image111.png,76
20150921_131625_image661.png,32
20150919_174730_image351.png,34
20150921_131346_image946.png,6
20150919_174730_image911.png,72
20150921_131234_image486.png,49
20150921_132245_image786.png,6
20150921_132038_image1196.png,8
20150919_174730_image356.png,40
20150921_131453_image86.png,36
20150921_132038_image31.png,30
20150921_131234_image66.png,23
20150919_174730_image506.png,68
20150921_131833_image106.png,16
20150921_131625_image1096.png,47
20150921_131234_image566.png,7
20150921_132038_image86.png,40
20150921_131833_image416.png,36
20150921_131453_image996.png,57
20150921_131625_image226.png,47
20150921_131833_image121.png,8
20150921_132038_image931.png,11
20150921_131346_image311.png,47
20150921_131234_image216.png,51
20150919_174151_image66.png,108
20150919_174151_image741.png,62
20150921_131625_image666.png,30
20150921_132038_image141.png,70
20150921_131346_image816.png,24
20150921_131625_image91.png,39
20150921_131453_image231.png,47
20150919_174730_image1.png,33
20150919_174730_image1046.png,88
20150921_131453_image951.png,54
20150921_131453_image986.png,46
20150921_131625_image636.png,46
20150921_131625_image361.png,100
20150921_131453_image646.png,21
20150921_131833_image381.png,37
20150921_131729_image391.png,17
20150921_131234_image591.png,10
20150921_131346_image31.png,57
20150919_174730_image161.png,11
20150921_131234_image596.png,13
20150921_131625_image906.png,80
20150921_132038_image26.png,29
20150921_131729_image6.png,10
20150921_131346_image1036.png,4
20150921_131833_image196.png,40
20150921_131346_image976.png,5
20150921_131833_image281.png,43
20150919_174151_image186.png,100
20150921_131833_image66.png,23
20150919_174730_image6.png,36
20150921_131234_image41.png,73
20150921_131729_image176.png,8
20150921_132038_image916.png,6
20150921_131833_image216.png,40
20150921_131833_image331.png,26
20150921_131453_image391.png,82
20150921_131453_image11.png,53
20150921_132245_image701.png,5
20150921_131453_image601.png,35
20150921_132038_image266.png,33
20150919_174730_image306.png,24
20150921_131346_image146.png,50
20150921_131625_image31.png,61
20150919_174730_image126.png,9
20150921_131346_image931.png,13
20150919_174730_image521.png,70
20150921_131346_image701.png,67
20150921_131625_image651.png,37
20150921_131453_image831.png,54
20150921_131729_image256.png,43
20150919_174151_image286.png,94
20150921_131729_image366.png,38
20150919_174730_image761.png,74
20150921_131234_image341.png,64
20150919_174151_image146.png,113
20150921_131729_image451.png,46
20150921_131346_image966.png,5
20150921_131453_image6.png,48
20150921_131346_image1016.png,4
20150919_174730_image136.png,11
20150921_131833_image431.png,47
20150919_174151_image121.png,117
20150921_131625_image676.png,29
20150921_131346_image211.png,57
20150921_131833_image126.png,4
20150921_131453_image721.png,29
20150921_131346_image1051.png,3
20150919_174730_image471.png,51
20150919_174730_image1331.png,82
20150921_131346_image596.png,25
20150919_174730_image191.png,8
20150921_131833_image326.png,28
20150921_131833_image451.png,49
20150921_131346_image1141.png,13
20150921_131346_image756.png,61
20150919_174151_image621.png,87
20150921_132038_image896.png,9
20150921_131833_image171.png,43
20150919_174730_image141.png,12
20150921_132038_image41.png,30
20150921_132038_image106.png,73
20150921_131453_image176.png,46
20150921_131453_image666.png,23
20150921_131729_image421.png,13
20150919_174730_image31.png,21
20150921_131346_image776.png,59
20150921_131346_image1021.png,5
20150921_131346_image891.png,27
20150921_131453_image401.png,93
20150921_131833_image311.png,39
20150919_174730_image111.png,8
20150921_131346_image1061.png,4
20150921_131833_image266.png,44
20150921_131833_image406.png,38
20150921_131234_image656.png,9
20150921_131346_image1046.png,4
20150921_131453_image201.png,63
20150921_132038_image891.png,12
20150919_174730_image106.png,6
20150921_131833_image36.png,26
20150919_174730_image226.png,6
20150921_131453_image711.png,26
20150921_131453_image671.png,19
20150921_132245_image1.png,18
20150921_131453_image636.png,16
20150921_131625_image186.png,45
20150919_174730_image441.png,49
20150921_131833_image411.png,39
20150921_131234_image626.png,10
20150921_132038_image926.png,10
20150921_131234_image1.png,72
20150919_174730_image101.png,8
20150921_131346_image1001.png,4
20150919_174730_image961.png,113
20150921_132038_image1371.png,26
20150921_131234_image561.png,8
20150921_131729_image656.png,45
20150919_174151_image51.png,116
20150921_131453_image1141.png,48
20150921_131833_image466.png,55
20150921_131729_image311.png,38
20150921_132038_image56.png,31
20150921_132245_image976.png,5
20150921_132038_image281.png,38
20150921_131346_image631.png,65
20150921_131833_image271.png,49
20150921_131833_image516.png,53
20150919_174151_image176.png,104
20150919_174730_image36.png,17
20150919_174151_image601.png,78
20150921_131625_image1001.png,60
20150921_131346_image281.png,45
20150919_174730_image296.png,20
20150921_131625_image201.png,47
20150921_132245_image1101.png,24
20150919_174730_image21.png,29
20150921_132038_image1441.png,9
20150919_174730_image86.png,5
20150921_132038_image136.png,67
20150921_131346_image996.png,5
20150921_131729_image11.png,11
20150919_174730_image701.png,77
20150921_131625_image271.png,73
20150919_174730_image121.png,8
20150921_131833_image436.png,45
20150919_174730_image646.png,44
20150921_132038_image276.png,40
20150921_131625_image646.png,39
20150919_174730_image551.png,78
20150921_131729_image171.png,8
20150921_131234_image26.png,68
20150921_131234_image546.png,10
20150919_174730_image231.png,4
20150919_174151_image231.png,101
20150921_132038_image91.png,41
20150921_131625_image1.png,61
20150921_131625_image76.png,40
20150921_131625_image851.png,95
20150919_174730_image76.png,4
20150919_174730_image116.png,8
20150921_131833_image116.png,11
20150921_131234_image686.png,5
20150919_174151_image201.png,96
20150919_174151_image641.png,89
20150919_174151_image656.png,61
20150919_174151_image56.png,108
20150919_174730_image271.png,17
20150921_131453_image251.png,37
20150919_174151_image381.png,85
20150921_131346_image736.png,71
20150921_131234_image456.png,65
20150921_131833_image286.png,45
20150919_174730_image236.png,3
20150919_174730_image211.png,9
20150919_174730_image241.png,2
20150921_131234_image641.png,10
20150921_131346_image986.png,6
20150921_131346_image1006.png,4
20150921_131625_image501.png,103
20150919_174151_image111.png,114
20150921_131453_image1116.png,35
20150921_131346_image21.png,58
20150919_174730_image196.png,7
20150921_132038_image146.png,76
20150921_131453_image676.png,30
20150921_131453_image31.png,47
20150921_132245_image46.png,13
20150921_132038_image551.png,36
20150921_131453_image991.png,57
20150921_131453_image101.png,47
20150921_132038_image336.png,39
20150919_174151_image76.png,104
20150921_131833_image91.png,19
20150921_131234_image206.png,40
20150921_131729_image826.png,46
20150921_131453_image1161.png,47
20150921_131453_image16.png,54
20150919_174730_image491.png,66
20150921_131346_image706.png,68
20150921_131346_image936.png,7
20150921_132038_image286.png,37
20150921_132038_image36.png,30
20150921_132038_image636.png,43
20150921_132038_image261.png,37
20150921_132038_image176.png,71
20150919_174151_image736.png,66
20150921_131625_image686.png,37
20150919_174151_image131.png,111
20150921_131453_image81.png,35
20150919_174730_image156.png,11
20150921_132038_image61.png,34
20150921_131833_image511.png,51
20150921_131833_image341.png,22
20150921_132245_image531.png,20
20150921_131453_image1056.png,56
20150921_132038_image166.png,82
20150921_131346_image1081.png,3
20150921_131234_image306.png,67
20150919_174730_image91.png,7
20150921_131234_image571.png,14
20150921_131346_image831.png,23
20150921_131833_image446.png,48
20150921_131833_image146.png,12
20150921_131453_image41.png,50
20150921_132245_image836.png,8
20150921_131346_image601.png,24
20150919_174730_image341.png,36
20150921_131729_image426.png,14
20150921_132038_image856.png,15
20150921_131453_image1241.png,52
20150921_132038_image11.png,33
20150921_131453_image611.png,21
20150921_131453_image631.png,18
20150921_131346_image411.png,68
20150921_131453_image661.png,31
20150921_131346_image26.png,57
20150921_132038_image76.png,44
20150919_174151_image221.png,88
20150919_174151_image96.png,101
20150919_174151_image166.png,117
20150921_131234_image666.png,8
20150921_132038_image391.png,72
20150921_131234_image676.png,11
20150919_174730_image171.png,9
20150921_132038_image1446.png,9
20150921_131346_image1126.png,14
20150921_131833_image201.png,40
20150921_132038_image46.png,29
20150921_131346_image821.png,22
20150921_131833_image76.png,23
20150921_132038_image101.png,70
20150919_174151_image241.png,97
20150919_174730_image16.png,30
20150921_132245_image396.png,22
20150921_131234_image636.png,8
20150921_131453_image1111.png,37
20150921_132038_image971.png,16
20150921_132245_image601.png,37
20150919_174730_image96.png,7
20150921_132038_image161.png,66
20150921_131453_image701.png,27
20150919_174730_image41.png,16
20150919_174151_image431.png,94
20150921_131833_image521.png,56
20150921_131729_image286.png,41
20150921_131625_image691.png,42
20150921_131453_image1066.png,39
20150921_131234_image536.png,18
20150921_131625_image301.png,93
20150921_131625_image156.png,58
20150919_174151_image26.png,102
20150921_131453_image66.png,35
20150921_131833_image321.png,39
20150921_131453_image1211.png,44
20150921_131453_image1086.png,45
20150919_174730_image411.png,48
20150921_132038_image796.png,28
20150921_131346_image56.png,60
20150921_131346_image856.png,23
20150921_131346_image541.png,50
20150919_174151_image196.png,98
20150921_131453_image1021.png,64
20150921_131346_image881.png,29
20150921_131346_image1026.png,4
20150919_174730_image666.png,54
20150919_174151_image61.png,107
20150921_131346_image991.png,5
20150921_131833_image526.png,56
20150919_174730_image56.png,5
20150919_174730_image286.png,16
20150919_174730_image786.png,51
20150919_174730_image186.png,7
20150921_131346_image341.png,54
20150919_174151_image211.png,93
20150921_131346_image926.png,11
20150921_131625_image656.png,36
20150921_132245_image1166.png,22
20150921_131833_image96.png,22
20150921_131346_image6.png,58
20150921_131346_image621.png,45
20150921_131833_image26.png,23
20150921_131234_image586.png,10
20150921_131453_image106.png,40
20150921_131833_image246.png,52
20150919_174730_image216.png,6
20150921_131453_image186.png,52
20150921_131625_image306.png,87
20150919_174730_image131.png,10
20150921_131833_image61.png,23
20150921_131833_image221.png,42
20150921_132038_image171.png,66
20150921_131625_image671.png,27
20150921_131833_image366.png,31
20150919_174730_image11.png,31
20150921_131346_image256.png,43
20150921_131346_image846.png,23
20150919_174151_image46.png,97
20150921_131833_image371.png,41
20150919_174151_image71.png,101
20150921_131453_image746.png,54
20150921_131833_image296.png,43
20150919_174730_image596.png,69
20150919_174151_image206.png,98
20150921_131453_image801.png,70
20150921_131833_image391.png,30
20150921_131833_image11.png,27
20150921_131833_image151.png,22
20150919_174730_image251.png,1
20150919_174730_image26.png,30
20150921_132038_image686.png,24
20150919_174730_image276.png,14
20150919_174730_image376.png,39
20150921_131729_image396.png,17
20150921_132038_image1306.png,11
20150921_132038_image131.png,68
20150921_131346_image406.png,55
20150921_131346_image1041.png,4
20150919_174730_image181.png,8
20150921_132038_image126.png,70
20150919_174151_image411.png,84
20150919_174730_image321.png,32
20150921_131234_image576.png,15
20150921_132245_image656.png,9
20150919_174730_image581.png,79
20150921_131625_image546.png,98
20150921_131625_image1056.png,45
20150919_174730_image256.png,5
20150921_132038_image16.png,32
20150921_131833_image536.png,60
20150921_131346_image1056.png,4
20150921_132038_image271.png,37
20150919_174151_image361.png,73
20150919_174730_image201.png,7
20150921_131453_image21.png,49
20150919_174730_image146.png,12
20150921_131234_image401.png,56
20150921_131346_image226.png,54
20150921_131234_image661.png,6
20150921_131729_image661.png,42
20150919_174151_image31.png,99
20150919_174730_image266.png,14
20150921_131453_image1096.png,39
20150921_131729_image1.png,11
20150921_131346_image1066.png,5
20150921_131833_image101.png,20
20150921_131453_image76.png,34
20150919_174151_image301.png,109
20150921_131346_image41.png,60
20150921_132245_image751.png,7
20150921_132245_image201.png,35
20150921_131346_image1121.png,14
20150921_131833_image191.png,39
20150921_131833_image16.png,26
20150921_131346_image496.png,80
20150921_132038_image116.png,76
20150921_132038_image1011.png,14
20150921_131453_image46.png,46
20150921_131234_image651.png,11
20150921_131833_image396.png,32
20150921_132245_image301.png,37
20150921_132245_image101.png,75
20150921_132038_image996.png,12
20150921_131346_image1011.png,4
20150921_131453_image1201.png,49
20150919_174151_image181.png,101
20150921_131234_image451.png,62
20150921_131453_image236.png,46
20150921_131833_image471.png,56
20150921_131453_image841.png,54
20150921_131625_image1101.png,50
20150919_174730_image261.png,7
20150921_131453_image946.png,44
20150919_174730_image536.png,77
20150921_131729_image71.png,19
20150919_174730_image456.png,35
20150921_131234_image631.png,11
20150921_131346_image1031.png,3
20150919_174730_image71.png,5
20150921_132038_image21.png,30
20150921_131833_image71.png,24
20150921_131833_image181.png,45
20150919_174151_image11.png,105
20150921_131729_image471.png,46
20150921_132038_image6.png,32
20150919_174730_image486.png,51
20150921_131729_image21.png,11
20150919_174730_image631.png,50
20150921_131833_image346.png,29
20150921_131453_image681.png,34
20150921_131453_image691.png,30
20150921_131453_image281.png,40
20150919_174151_image106.png,99
20150921_131453_image1121.png,35
20150921_132038_image361.png,66
20150921_131453_image1196.png,45
20150921_131833_image356.png,29
20150921_131625_image511.png,98
20150919_174730_image496.png,56
20150921_132038_image1076.png,13
20150919_174730_image736.png,76
20150921_132038_image1206.png,6
20150919_174730_image206.png,7
20150921_131453_image171.png,43
20150921_132038_image1241.png,6
20150921_131234_image56.png,37
20150921_131346_image711.png,64
20150921_131453_image686.png,33
20150921_132038_image901.png,7
20150919_174151_image6.png,95
20150921_131833_image86.png,23
20150921_131833_image336.png,24
20150919_174730_image81.png,4
20150919_174151_image236.png,97
20150919_174730_image331.png,35
20150921_131346_image316.png,45
20150921_131729_image676.png,46
20150921_131833_image401.png,31
20150921_131234_image681.png,9
20150919_174730_image386.png,56
20150921_132245_image801.png,8
20150921_131833_image6.png,25
20150921_131234_image221.png,49
20150921_131346_image971.png,4
20150921_132038_image121.png,74
20150921_131625_image1091.png,50
20150921_131346_image276.png,42
20150919_174151_image161.png,123
20150919_174151_image81.png,96
20150921_132245_image261.png,32
20150921_131729_image116.png,21
20150919_174151_image496.png,81
20150919_174730_image61.png,4
20150921_131625_image471.png,92
20150921_132038_image1386.png,25
20150921_131453_image966.png,43
20150921_132038_image1256.png,8
20150921_131234_image61.png,28
20150921_131729_image291.png,39
20150921_131234_image646.png,10
20150921_132038_image66.png,30
20150921_132245_image901.png,9
20150921_131729_image281.png,41
20150921_131833_image81.png,24
20150921_132245_image1001.png,7
20150919_174730_image611.png,62
20150919_174151_image226.png,98
20150921_131234_image6.png,67
20150921_131346_image1136.png,14
20150921_131346_image16.png,58
20150921_132038_image81.png,36
20150919_174730_image151.png,14
20150921_131346_image11.png,59
20150921_131453_image651.png,29
20150921_131346_image841.png,32
20150921_131833_image141.png,6
20150921_132038_image341.png,50
20150921_131234_image36.png,72
20150921_131346_image1131.png,13
20150921_131234_image21.png,68
20150921_131234_image236.png,40
20150921_132038_image906.png,5
20150921_131346_image51.png,66
20150921_131729_image771.png,56
20150921_131234_image461.png,60
20150921_131453_image1126.png,38
20150921_131625_image711.png,27
20150921_131346_image906.png,24
20150921_131833_image1.png,26
20150919_174730_image681.png,65
20150921_131625_image161.png,57
20150921_132038_image1161.png,9
20150919_174151_image856.png,86
20150921_132038_image496.png,27
20150919_174151_image171.png,116
20150921_131346_image786.png,50
20150919_174730_image46.png,12
20150921_131625_image806.png,80
20150919_174730_image221.png,6
20150921_131833_image241.png,51
20150921_131833_image46.png,23
20150921_131453_image36.png,47
20150921_131833_image136.png,7
20150921_131234_image231.png,58
20150921_131729_image306.png,43
20150921_131729_image486.png,45
20150919_174151_image151.png,118
20150921_131234_image481.png,55
20150919_174151_image216.png,94
20150919_174151_image471.png,92
20150919_174730_image51.png,11
20150921_131833_image351.png,30
20150921_131729_image491.png,42
20150919_174730_image246.png,1
20150921_131833_image421.png,44
20150921_132038_image1101.png,17
20150921_131729_image551.png,40
20150921_131729_image556.png,34
20150921_132038_image151.png,86
20150921_131346_image1071.png,5
20150921_132245_image501.png,41
20150921_131833_image316.png,31
20150921_131453_image96.png,38
20150919_174730_image436.png,45
20150921_132038_image871.png,13
20150921_131453_image641.png,20
20150921_132038_image156.png,71
20150921_132038_image1006.png,16
20150921_131346_image941.png,9
20150921_131453_image1076.png,32
20150921_131234_image16.png,71
20150921_131625_image801.png,73
20150921_131234_image86.png,35
20150921_131729_image501.png,39
20150921_131453_image1.png,71
20150921_131346_image956.png,7
20150921_131453_image1081.png,52
20150921_132245_image446.png,30
20150919_174730_image861.png,74
20150919_174730_image166.png,10
20150921_131346_image1146.png,13
20150921_132245_image401.png,34
20150921_131833_image276.png,48
20150921_131453_image26.png,48
20150921_131625_image336.png,96
20150921_132038_image911.png,6
20150921_131346_image81.png,18
20150921_131625_image966.png,85
20150919_174730_image66.png,7
20150921_131234_image201.png,43
20150921_131833_image51.png,23
20150919_174151_image191.png,100
20150921_131833_image186.png,45
20150921_131833_image131.png,6
20150919_174730_image566.png,76
20150919_174151_image126.png,107
20150921_131234_image361.png,48
20150921_131234_image91.png,56
20150921_131234_image556.png,9
20150921_131346_image981.png,6
20150919_174730_image811.png,54
20150919_174151_image36.png,94
20150921_131453_image181.png,50
20150919_174151_image136.png,121
20150921_131234_image286.png,60
20150921_131453_image936.png,44
20150921_131833_image56.png,26
20150921_131625_image641.png,43
20150921_131453_image891.png,58
20150919_174151_image41.png,99
20150921_132038_image71.png,45
20150921_131453_image731.png,30
20150919_174151_image141.png,119
20150921_131453_image196.png,55
20150921_131234_image11.png,75
20150919_174151_image101.png,102
20150921_131234_image581.png,12
20150921_131346_image961.png,6
20150921_132038_image1056.png,13
20150921_131453_image626.png,16
20150921_131625_image746.png,63
20150921_131234_image416.png,51
20150921_131346_image36.png,58
20150921_131453_image221.png,48
20150921_131625_image726.png,34
20150919_174730_image426.png,47
20150921_131833_image31.png,26
20150921_131346_image721.png,70
20150921_131346_image151.png,67
20150921_131729_image166.png,10
20150919_174151_image16.png,96
20150921_132038_image1191.png,5
20150921_131833_image386.png,30
